{
  "title": "Welcome to Marketplace MMORPG SEA\r",
  "body": {
    "raw": "\r\nWelcome to Marketplace MMORPG SEA\r\n\r\nThis platform offers secure and fast transactions of MMORPG items, gold, and services across Southeast Asia.\r\n\r\n- Safe escrow system\r\n- Verified sellers and buyers\r\n- Real-time chat support\r\n- Multi-language support\r\n\r\nEnjoy your trading experience!\r\n",
    "html": "<p>Welcome to Marketplace MMORPG SEA</p>\n<p>This platform offers secure and fast transactions of MMORPG items, gold, and services across Southeast Asia.</p>\n<ul>\n<li>Safe escrow system</li>\n<li>Verified sellers and buyers</li>\n<li>Real-time chat support</li>\n<li>Multi-language support</li>\n</ul>\n<p>Enjoy your trading experience!</p>"
  },
  "_id": "landing.md",
  "_raw": {
    "sourceFilePath": "landing.md",
    "sourceFileName": "landing.md",
    "sourceFileDir": ".",
    "contentType": "markdown",
    "flattenedPath": "landing"
  },
  "type": "Page"
}